{"cameraMode":{"drawMode":0,"name":"Shaded","section":"Shading Mode"},"sceneLighting":true,"audioPlay":false,"sceneViewState":{"m_AlwaysRefresh":false,"showFog":true,"showSkybox":false,"showFlares":true,"showImageEffects":true,"showParticleSystems":true,"showVisualEffectGraphs":true,"m_FxEnabled":true},"in2DMode":false,"pivot":{"x":3.1885833740234377,"y":1.1292791366577149,"z":0.5488390922546387},"rotation":{"x":0.4276016354560852,"y":0.0919322744011879,"z":-0.04376624524593353,"w":0.898217499256134},"size":11.546282768249512,"orthographic":false}