{"cameraMode":{"drawMode":0,"name":"Shaded","section":"Shading Mode"},"sceneLighting":false,"audioPlay":false,"sceneViewState":{"m_AlwaysRefresh":false,"showFog":true,"showSkybox":false,"showFlares":true,"showImageEffects":true,"showParticleSystems":true,"showVisualEffectGraphs":true,"m_FxEnabled":true},"in2DMode":false,"pivot":{"x":0.030736863613128663,"y":0.3154345452785492,"z":2.6700000762939455},"rotation":{"x":-0.04069755971431732,"y":0.8548617362976074,"z":-0.5127893090248108,"w":-0.06784611940383911},"size":0.689581036567688,"orthographic":false}