{"cameraMode":{"drawMode":0,"name":"Shaded","section":"Shading Mode"},"sceneLighting":false,"audioPlay":false,"sceneViewState":{"m_AlwaysRefresh":false,"showFog":true,"showSkybox":false,"showFlares":true,"showImageEffects":true,"showParticleSystems":true,"showVisualEffectGraphs":true,"m_FxEnabled":true},"in2DMode":false,"pivot":{"x":-3.136741876602173,"y":0.37316852807998659,"z":0.014136582612991333},"rotation":{"x":0.4276016354560852,"y":0.0919322744011879,"z":-0.04376624524593353,"w":0.898217499256134},"size":1.7192105054855347,"orthographic":false}