{"cameraMode":{"drawMode":0,"name":"Shaded","section":"Shading Mode"},"sceneLighting":false,"audioPlay":false,"sceneViewState":{"m_AlwaysRefresh":false,"showFog":true,"showSkybox":false,"showFlares":true,"showImageEffects":true,"showParticleSystems":true,"showVisualEffectGraphs":true,"m_FxEnabled":true},"in2DMode":false,"pivot":{"x":2.6917529106140138,"y":0.8756818771362305,"z":-1.9036483764648438},"rotation":{"x":0.37730705738067629,"y":0.36049336194992068,"z":-0.16242073476314546,"w":0.8374415040016174},"size":8.244029998779297,"orthographic":false}